{"cameraMode":{"drawMode":0,"name":"Shaded","section":"Shading Mode"},"sceneLighting":true,"audioPlay":false,"sceneViewState":{"showFog":true,"showMaterialUpdate":false,"showSkybox":true,"showFlares":true,"showImageEffects":true,"showParticleSystems":true},"in2DMode":false,"pivot":{"x":12.876863479614258,"y":-49.770790100097659,"z":61.42552185058594},"rotation":{"x":-0.06624949723482132,"y":-0.018860066309571267,"z":0.001251728623174131,"w":-0.9976266622543335},"size":64.6152572631836,"orthographic":false}